path,resolution,series,sys_id,img_id,format,date
3000/pollen_35_3500.jpg,3000,glitchy,35,3500,jpg,2022-02-24
800/pollen_35_3500.jpg,800,glitchy,35,3500,jpg,2022-02-24
3000/pollen_35_3502.jpg,3000,glitchy,35,3502,jpg,2022-02-24
800/pollen_35_3502.jpg,800,glitchy,35,3502,jpg,2022-02-24
3000/pollen_35_3507.jpg,3000,glitchy,35,3507,jpg,2022-02-24
800/pollen_35_3507.jpg,800,glitchy,35,3507,jpg,2022-02-24
3000/pollen_35_3508.jpg,3000,glitchy,35,3508,jpg,2022-02-24
800/pollen_35_3508.jpg,800,glitchy,35,3508,jpg,2022-02-24
3000/pollen_35_3510.jpg,3000,glitchy,35,3510,jpg,2022-02-24
800/pollen_35_3510.jpg,800,glitchy,35,3510,jpg,2022-02-24
3000/pollen_35_3511.jpg,3000,glitchy,35,3511,jpg,2022-02-24
800/pollen_35_3511.jpg,800,glitchy,35,3511,jpg,2022-02-24
3000/pollen_35_3513.jpg,3000,glitchy,35,3513,jpg,2022-02-24
800/pollen_35_3513.jpg,800,glitchy,35,3513,jpg,2022-02-24
3000/pollen_35_3515.jpg,3000,glitchy,35,3515,jpg,2022-02-24
800/pollen_35_3515.jpg,800,glitchy,35,3515,jpg,2022-02-24
3000/pollen_35_3519.jpg,3000,glitchy,35,3519,jpg,2022-02-24
800/pollen_35_3519.jpg,800,glitchy,35,3519,jpg,2022-02-24
3000/pollen_35_3527.jpg,3000,glitchy,35,3527,jpg,2022-02-24
800/pollen_35_3527.jpg,800,glitchy,35,3527,jpg,2022-02-24
3000/pollen_35_3529.jpg,3000,glitchy,35,3529,jpg,2022-02-24
800/pollen_35_3529.jpg,800,glitchy,35,3529,jpg,2022-02-24
3000/pollen_35_3532.jpg,3000,glitchy,35,3532,jpg,2022-02-24
800/pollen_35_3532.jpg,800,glitchy,35,3532,jpg,2022-02-24
3000/pollen_35_3536.jpg,3000,glitchy,35,3536,jpg,2022-02-24
800/pollen_35_3536.jpg,800,glitchy,35,3536,jpg,2022-02-24
3000/pollen_35_3538.jpg,3000,glitchy,35,3538,jpg,2022-02-24
800/pollen_35_3538.jpg,800,glitchy,35,3538,jpg,2022-02-24
3000/pollen_35_3540.jpg,3000,glitchy,35,3540,jpg,2022-02-24
800/pollen_35_3540.jpg,800,glitchy,35,3540,jpg,2022-02-24
3000/pollen_35_3543.jpg,3000,glitchy,35,3543,jpg,2022-02-24
800/pollen_35_3543.jpg,800,glitchy,35,3543,jpg,2022-02-24
3000/pollen_36_3600.jpg,3000,glitchy,36,3600,jpg,2022-02-24
800/pollen_36_3600.jpg,800,glitchy,36,3600,jpg,2022-02-24
3000/pollen_36_3604.jpg,3000,glitchy,36,3604,jpg,2022-02-24
800/pollen_36_3604.jpg,800,glitchy,36,3604,jpg,2022-02-24
3000/pollen_36_3605.jpg,3000,glitchy,36,3605,jpg,2022-02-24
800/pollen_36_3605.jpg,800,glitchy,36,3605,jpg,2022-02-24
3000/pollen_36_3606.jpg,3000,glitchy,36,3606,jpg,2022-02-24
800/pollen_36_3606.jpg,800,glitchy,36,3606,jpg,2022-02-24
3000/pollen_36_3607.jpg,3000,glitchy,36,3607,jpg,2022-02-24
800/pollen_36_3607.jpg,800,glitchy,36,3607,jpg,2022-02-24
3000/pollen_36_3608.jpg,3000,glitchy,36,3608,jpg,2022-02-24
800/pollen_36_3608.jpg,800,glitchy,36,3608,jpg,2022-02-24
3000/pollen_36_3614.jpg,3000,glitchy,36,3614,jpg,2022-02-24
800/pollen_36_3614.jpg,800,glitchy,36,3614,jpg,2022-02-24
3000/pollen_36_3617.jpg,3000,glitchy,36,3617,jpg,2022-02-24
800/pollen_36_3617.jpg,800,glitchy,36,3617,jpg,2022-02-24
3000/pollen_36_3619.jpg,3000,glitchy,36,3619,jpg,2022-02-24
800/pollen_36_3619.jpg,800,glitchy,36,3619,jpg,2022-02-24
3000/pollen_36_3620.jpg,3000,glitchy,36,3620,jpg,2022-02-24
800/pollen_36_3620.jpg,800,glitchy,36,3620,jpg,2022-02-24
3000/pollen_36_3622.jpg,3000,glitchy,36,3622,jpg,2022-02-24
800/pollen_36_3622.jpg,800,glitchy,36,3622,jpg,2022-02-24
3000/pollen_36_3627.jpg,3000,glitchy,36,3627,jpg,2022-02-24
800/pollen_36_3627.jpg,800,glitchy,36,3627,jpg,2022-02-24
3000/pollen_36_3629.jpg,3000,glitchy,36,3629,jpg,2022-02-24
800/pollen_36_3629.jpg,800,glitchy,36,3629,jpg,2022-02-24
3000/pollen_36_3630.jpg,3000,glitchy,36,3630,jpg,2022-02-24
800/pollen_36_3630.jpg,800,glitchy,36,3630,jpg,2022-02-24
3000/pollen_36_3639.jpg,3000,glitchy,36,3639,jpg,2022-02-24
800/pollen_36_3639.jpg,800,glitchy,36,3639,jpg,2022-02-24
3000/pollen_36_3643.jpg,3000,glitchy,36,3643,jpg,2022-02-24
800/pollen_36_3643.jpg,800,glitchy,36,3643,jpg,2022-02-24
3000/pollen_36_3644.jpg,3000,glitchy,36,3644,jpg,2022-02-24
800/pollen_36_3644.jpg,800,glitchy,36,3644,jpg,2022-02-24
3000/pollen_36_3645.jpg,3000,glitchy,36,3645,jpg,2022-02-24
800/pollen_36_3645.jpg,800,glitchy,36,3645,jpg,2022-02-24
3000/pollen_36_3647.jpg,3000,glitchy,36,3647,jpg,2022-02-24
800/pollen_36_3647.jpg,800,glitchy,36,3647,jpg,2022-02-24
3000/pollen_36_3648.jpg,3000,glitchy,36,3648,jpg,2022-02-24
800/pollen_36_3648.jpg,800,glitchy,36,3648,jpg,2022-02-24
3000/pollen_36_3654.jpg,3000,glitchy,36,3654,jpg,2022-02-24
800/pollen_36_3654.jpg,800,glitchy,36,3654,jpg,2022-02-24
3000/pollen_36_3656.jpg,3000,glitchy,36,3656,jpg,2022-02-24
800/pollen_36_3656.jpg,800,glitchy,36,3656,jpg,2022-02-24
3000/pollen_36_3662.jpg,3000,glitchy,36,3662,jpg,2022-02-24
800/pollen_36_3662.jpg,800,glitchy,36,3662,jpg,2022-02-24
3000/pollen_36_3663.jpg,3000,glitchy,36,3663,jpg,2022-02-24
800/pollen_36_3663.jpg,800,glitchy,36,3663,jpg,2022-02-24
3000/pollen_36_3664.jpg,3000,glitchy,36,3664,jpg,2022-02-24
800/pollen_36_3664.jpg,800,glitchy,36,3664,jpg,2022-02-24
3000/pollen_36_3665.jpg,3000,glitchy,36,3665,jpg,2022-02-24
800/pollen_36_3665.jpg,800,glitchy,36,3665,jpg,2022-02-24
3000/pollen_36_3668.jpg,3000,glitchy,36,3668,jpg,2022-02-24
800/pollen_36_3668.jpg,800,glitchy,36,3668,jpg,2022-02-24
3000/pollen_36_3670.jpg,3000,glitchy,36,3670,jpg,2022-02-24
800/pollen_36_3670.jpg,800,glitchy,36,3670,jpg,2022-02-24
3000/pollen_36_3678.jpg,3000,glitchy,36,3678,jpg,2022-02-24
800/pollen_36_3678.jpg,800,glitchy,36,3678,jpg,2022-02-24
3000/pollen_36_3679.jpg,3000,glitchy,36,3679,jpg,2022-02-24
800/pollen_36_3679.jpg,800,glitchy,36,3679,jpg,2022-02-24
3000/pollen_36_3680.jpg,3000,glitchy,36,3680,jpg,2022-02-24
800/pollen_36_3680.jpg,800,glitchy,36,3680,jpg,2022-02-24
3000/pollen_36_3684.jpg,3000,glitchy,36,3684,jpg,2022-02-24
800/pollen_36_3684.jpg,800,glitchy,36,3684,jpg,2022-02-24
3000/pollen_36_3685.jpg,3000,glitchy,36,3685,jpg,2022-02-24
800/pollen_36_3685.jpg,800,glitchy,36,3685,jpg,2022-02-24
3000/pollen_36_3688.jpg,3000,glitchy,36,3688,jpg,2022-02-24
800/pollen_36_3688.jpg,800,glitchy,36,3688,jpg,2022-02-24
3000/pollen_36_3691.jpg,3000,glitchy,36,3691,jpg,2022-02-24
800/pollen_36_3691.jpg,800,glitchy,36,3691,jpg,2022-02-24
3000/pollen_36_3693.jpg,3000,glitchy,36,3693,jpg,2022-02-24
800/pollen_36_3693.jpg,800,glitchy,36,3693,jpg,2022-02-24
3000/pollen_36_3695.jpg,3000,glitchy,36,3695,jpg,2022-02-24
800/pollen_36_3695.jpg,800,glitchy,36,3695,jpg,2022-02-24
3000/pollen_36_3697.jpg,3000,glitchy,36,3697,jpg,2022-02-24
800/pollen_36_3697.jpg,800,glitchy,36,3697,jpg,2022-02-24
3000/pollen_36_3698.jpg,3000,glitchy,36,3698,jpg,2022-02-24
800/pollen_36_3698.jpg,800,glitchy,36,3698,jpg,2022-02-24
3000/pollen_36_3699.jpg,3000,glitchy,36,3699,jpg,2022-02-24
800/pollen_36_3699.jpg,800,glitchy,36,3699,jpg,2022-02-24
